[{"model": "auth.permission", "fields": {"name": "Can add log entry", "content_type": ["admin", "logentry"], "codename": "add_logentry"}}, {"model": "auth.permission", "fields": {"name": "Can change log entry", "content_type": ["admin", "logentry"], "codename": "change_logentry"}}, {"model": "auth.permission", "fields": {"name": "Can delete log entry", "content_type": ["admin", "logentry"], "codename": "delete_logentry"}}, {"model": "auth.permission", "fields": {"name": "Can view log entry", "content_type": ["admin", "logentry"], "codename": "view_logentry"}}, {"model": "auth.permission", "fields": {"name": "Can add permission", "content_type": ["auth", "permission"], "codename": "add_permission"}}, {"model": "auth.permission", "fields": {"name": "Can change permission", "content_type": ["auth", "permission"], "codename": "change_permission"}}, {"model": "auth.permission", "fields": {"name": "Can delete permission", "content_type": ["auth", "permission"], "codename": "delete_permission"}}, {"model": "auth.permission", "fields": {"name": "Can view permission", "content_type": ["auth", "permission"], "codename": "view_permission"}}, {"model": "auth.permission", "fields": {"name": "Can add group", "content_type": ["auth", "group"], "codename": "add_group"}}, {"model": "auth.permission", "fields": {"name": "Can change group", "content_type": ["auth", "group"], "codename": "change_group"}}, {"model": "auth.permission", "fields": {"name": "Can delete group", "content_type": ["auth", "group"], "codename": "delete_group"}}, {"model": "auth.permission", "fields": {"name": "Can view group", "content_type": ["auth", "group"], "codename": "view_group"}}, {"model": "auth.permission", "fields": {"name": "Can add user", "content_type": ["auth", "user"], "codename": "add_user"}}, {"model": "auth.permission", "fields": {"name": "Can change user", "content_type": ["auth", "user"], "codename": "change_user"}}, {"model": "auth.permission", "fields": {"name": "Can delete user", "content_type": ["auth", "user"], "codename": "delete_user"}}, {"model": "auth.permission", "fields": {"name": "Can view user", "content_type": ["auth", "user"], "codename": "view_user"}}, {"model": "auth.permission", "fields": {"name": "Can add content type", "content_type": ["contenttypes", "contenttype"], "codename": "add_contenttype"}}, {"model": "auth.permission", "fields": {"name": "Can change content type", "content_type": ["contenttypes", "contenttype"], "codename": "change_contenttype"}}, {"model": "auth.permission", "fields": {"name": "Can delete content type", "content_type": ["contenttypes", "contenttype"], "codename": "delete_contenttype"}}, {"model": "auth.permission", "fields": {"name": "Can view content type", "content_type": ["contenttypes", "contenttype"], "codename": "view_contenttype"}}, {"model": "auth.permission", "fields": {"name": "Can add session", "content_type": ["sessions", "session"], "codename": "add_session"}}, {"model": "auth.permission", "fields": {"name": "Can change session", "content_type": ["sessions", "session"], "codename": "change_session"}}, {"model": "auth.permission", "fields": {"name": "Can delete session", "content_type": ["sessions", "session"], "codename": "delete_session"}}, {"model": "auth.permission", "fields": {"name": "Can view session", "content_type": ["sessions", "session"], "codename": "view_session"}}, {"model": "auth.permission", "fields": {"name": "Can add видеоконспект", "content_type": ["app_bot", "videosummary"], "codename": "add_videosummary"}}, {"model": "auth.permission", "fields": {"name": "Can change видеоконспект", "content_type": ["app_bot", "videosummary"], "codename": "change_videosummary"}}, {"model": "auth.permission", "fields": {"name": "Can delete видеоконспект", "content_type": ["app_bot", "videosummary"], "codename": "delete_videosummary"}}, {"model": "auth.permission", "fields": {"name": "Can view видеоконспект", "content_type": ["app_bot", "videosummary"], "codename": "view_videosummary"}}, {"model": "auth.permission", "fields": {"name": "Can add контакт", "content_type": ["app_bot", "usercontact"], "codename": "add_usercontact"}}, {"model": "auth.permission", "fields": {"name": "Can change контакт", "content_type": ["app_bot", "usercontact"], "codename": "change_usercontact"}}, {"model": "auth.permission", "fields": {"name": "Can delete контакт", "content_type": ["app_bot", "usercontact"], "codename": "delete_usercontact"}}, {"model": "auth.permission", "fields": {"name": "Can view контакт", "content_type": ["app_bot", "usercontact"], "codename": "view_usercontact"}}, {"model": "auth.permission", "fields": {"name": "Can add платеж", "content_type": ["app_bot", "payment"], "codename": "add_payment"}}, {"model": "auth.permission", "fields": {"name": "Can change платеж", "content_type": ["app_bot", "payment"], "codename": "change_payment"}}, {"model": "auth.permission", "fields": {"name": "Can delete платеж", "content_type": ["app_bot", "payment"], "codename": "delete_payment"}}, {"model": "auth.permission", "fields": {"name": "Can view платеж", "content_type": ["app_bot", "payment"], "codename": "view_payment"}}, {"model": "auth.permission", "fields": {"name": "Can add тариф", "content_type": ["app_bot", "tariff"], "codename": "add_tariff"}}, {"model": "auth.permission", "fields": {"name": "Can change тариф", "content_type": ["app_bot", "tariff"], "codename": "change_tariff"}}, {"model": "auth.permission", "fields": {"name": "Can delete тариф", "content_type": ["app_bot", "tariff"], "codename": "delete_tariff"}}, {"model": "auth.permission", "fields": {"name": "Can view тариф", "content_type": ["app_bot", "tariff"], "codename": "view_tariff"}}, {"model": "auth.permission", "fields": {"name": "Can add вопрос", "content_type": ["app_bot", "question"], "codename": "add_question"}}, {"model": "auth.permission", "fields": {"name": "Can change вопрос", "content_type": ["app_bot", "question"], "codename": "change_question"}}, {"model": "auth.permission", "fields": {"name": "Can delete вопрос", "content_type": ["app_bot", "question"], "codename": "delete_question"}}, {"model": "auth.permission", "fields": {"name": "Can view вопрос", "content_type": ["app_bot", "question"], "codename": "view_question"}}, {"model": "auth.permission", "fields": {"name": "Can add тест", "content_type": ["app_bot", "test"], "codename": "add_test"}}, {"model": "auth.permission", "fields": {"name": "Can change тест", "content_type": ["app_bot", "test"], "codename": "change_test"}}, {"model": "auth.permission", "fields": {"name": "Can delete тест", "content_type": ["app_bot", "test"], "codename": "delete_test"}}, {"model": "auth.permission", "fields": {"name": "Can view тест", "content_type": ["app_bot", "test"], "codename": "view_test"}}, {"model": "auth.permission", "fields": {"name": "Can add Пройденный пользователем контент", "content_type": ["app_bot", "userdone"], "codename": "add_userdone"}}, {"model": "auth.permission", "fields": {"name": "Can change Пройденный пользователем контент", "content_type": ["app_bot", "userdone"], "codename": "change_userdone"}}, {"model": "auth.permission", "fields": {"name": "Can delete Пройденный пользователем контент", "content_type": ["app_bot", "userdone"], "codename": "delete_userdone"}}, {"model": "auth.permission", "fields": {"name": "Can view Пройденный пользователем контент", "content_type": ["app_bot", "userdone"], "codename": "view_userdone"}}, {"model": "auth.permission", "fields": {"name": "Can add тема", "content_type": ["app_bot", "topic"], "codename": "add_topic"}}, {"model": "auth.permission", "fields": {"name": "Can change тема", "content_type": ["app_bot", "topic"], "codename": "change_topic"}}, {"model": "auth.permission", "fields": {"name": "Can delete тема", "content_type": ["app_bot", "topic"], "codename": "delete_topic"}}, {"model": "auth.permission", "fields": {"name": "Can view тема", "content_type": ["app_bot", "topic"], "codename": "view_topic"}}, {"model": "auth.permission", "fields": {"name": "Can add видео", "content_type": ["app_bot", "video"], "codename": "add_video"}}, {"model": "auth.permission", "fields": {"name": "Can change видео", "content_type": ["app_bot", "video"], "codename": "change_video"}}, {"model": "auth.permission", "fields": {"name": "Can delete видео", "content_type": ["app_bot", "video"], "codename": "delete_video"}}, {"model": "auth.permission", "fields": {"name": "Can view видео", "content_type": ["app_bot", "video"], "codename": "view_video"}}, {"model": "auth.permission", "fields": {"name": "Can add пользователь", "content_type": ["app_bot", "telegramuser"], "codename": "add_telegramuser"}}, {"model": "auth.permission", "fields": {"name": "Can change пользователь", "content_type": ["app_bot", "telegramuser"], "codename": "change_telegramuser"}}, {"model": "auth.permission", "fields": {"name": "Can delete пользователь", "content_type": ["app_bot", "telegramuser"], "codename": "delete_telegramuser"}}, {"model": "auth.permission", "fields": {"name": "Can view пользователь", "content_type": ["app_bot", "telegramuser"], "codename": "view_telegramuser"}}, {"model": "auth.permission", "fields": {"name": "Can add ответ", "content_type": ["app_bot", "answer"], "codename": "add_answer"}}, {"model": "auth.permission", "fields": {"name": "Can change ответ", "content_type": ["app_bot", "answer"], "codename": "change_answer"}}, {"model": "auth.permission", "fields": {"name": "Can delete ответ", "content_type": ["app_bot", "answer"], "codename": "delete_answer"}}, {"model": "auth.permission", "fields": {"name": "Can view ответ", "content_type": ["app_bot", "answer"], "codename": "view_answer"}}, {"model": "auth.permission", "fields": {"name": "Can add доступный пользователю контент", "content_type": ["app_bot", "useravailability"], "codename": "add_useravailability"}}, {"model": "auth.permission", "fields": {"name": "Can change доступный пользователю контент", "content_type": ["app_bot", "useravailability"], "codename": "change_useravailability"}}, {"model": "auth.permission", "fields": {"name": "Can delete доступный пользователю контент", "content_type": ["app_bot", "useravailability"], "codename": "delete_useravailability"}}, {"model": "auth.permission", "fields": {"name": "Can view доступный пользователю контент", "content_type": ["app_bot", "useravailability"], "codename": "view_useravailability"}}, {"model": "auth.permission", "fields": {"name": "Can add практическое задание", "content_type": ["app_bot", "practice"], "codename": "add_practice"}}, {"model": "auth.permission", "fields": {"name": "Can change практическое задание", "content_type": ["app_bot", "practice"], "codename": "change_practice"}}, {"model": "auth.permission", "fields": {"name": "Can delete практическое задание", "content_type": ["app_bot", "practice"], "codename": "delete_practice"}}, {"model": "auth.permission", "fields": {"name": "Can view практическое задание", "content_type": ["app_bot", "practice"], "codename": "view_practice"}}, {"model": "auth.permission", "fields": {"name": "Can add доступный сначала пользователю контент", "content_type": ["app_bot", "startuseravailability"], "codename": "add_startuseravailability"}}, {"model": "auth.permission", "fields": {"name": "Can change доступный сначала пользователю контент", "content_type": ["app_bot", "startuseravailability"], "codename": "change_startuseravailability"}}, {"model": "auth.permission", "fields": {"name": "Can delete доступный сначала пользователю контент", "content_type": ["app_bot", "startuseravailability"], "codename": "delete_startuseravailability"}}, {"model": "auth.permission", "fields": {"name": "Can view доступный сначала пользователю контент", "content_type": ["app_bot", "startuseravailability"], "codename": "view_startuseravailability"}}, {"model": "auth.permission", "fields": {"name": "Can add урок", "content_type": ["app_bot", "lesson"], "codename": "add_lesson"}}, {"model": "auth.permission", "fields": {"name": "Can change урок", "content_type": ["app_bot", "lesson"], "codename": "change_lesson"}}, {"model": "auth.permission", "fields": {"name": "Can delete урок", "content_type": ["app_bot", "lesson"], "codename": "delete_lesson"}}, {"model": "auth.permission", "fields": {"name": "Can view урок", "content_type": ["app_bot", "lesson"], "codename": "view_lesson"}}, {"model": "auth.user", "fields": {"password": "pbkdf2_sha256$870000$6uYn7LIUovArh2lZFFYCxU$4ok7S18PHcHF/Yhow08f2nehNvxjD4Xv3ynfkxbfyX4=", "last_login": "2025-04-18T05:36:55.307Z", "is_superuser": true, "username": "max", "first_name": "Максим", "last_name": "Аникеев", "email": "anikeev.maks@rambler.ru", "is_staff": true, "is_active": true, "date_joined": "2025-03-31T13:13:56Z", "groups": [], "user_permissions": []}}, {"model": "auth.user", "fields": {"password": "pbkdf2_sha256$600000$dsphavzcLFsrab7dewUXiW$moNQhLslfI3OVO0Fx7fExZ3MiEPERYIRcsO9uGaRtGM=", "last_login": "2025-07-13T09:25:47.273Z", "is_superuser": true, "username": "azalea", "first_name": "", "last_name": "", "email": "admin@example.com", "is_staff": true, "is_active": true, "date_joined": "2025-05-10T05:50:39.607Z", "groups": [], "user_permissions": []}}, {"model": "sessions.session", "pk": "47io2i90m584rg0t59ko5vbr9ww1na57", "fields": {"session_data": ".eJxVjDkOwjAUBe_iGll2vMWU9JzB-ltIANlSlgpxd4iUAto3M--lCmzrWLZF5jKxOiurTr8bAj2k7oDvUG9NU6vrPKHeFX3QRV8by_NyuH8HIyzjt84eAxlD5FLPTL1Q53JPHQzWmOhiyOxjBhSPObgQB0xenE0GkxXAQb0_5Ck4Aw:1u5dxe:xrJ498n27oe4VXntPWhtOrYpPKDaiUrhgyqo0x2OaPM", "expire_date": "2025-05-02T05:08:22.720Z"}}, {"model": "sessions.session", "pk": "4qdsnt99z405e72rrkmtqpfc8g7pugo7", "fields": {"session_data": ".eJxVjDkOwjAUBe_iGll2vMWU9JzB-ltIANlSlgpxd4iUAto3M--lCmzrWLZF5jKxOiurTr8bAj2k7oDvUG9NU6vrPKHeFX3QRV8by_NyuH8HIyzjt84eAxlD5FLPTL1Q53JPHQzWmOhiyOxjBhSPObgQB0xenE0GkxXAQb0_5Ck4Aw:1u5ePH:68OJUFDcb0rtE3N8-2-cqnZfOHRRMJvV4kxIjDSwCyY", "expire_date": "2025-05-02T05:36:55.310Z"}}, {"model": "sessions.session", "pk": "dixn6k0j38s50m8wzkdo3nrbsl6oga3w", "fields": {"session_data": ".eJxVjDsOwjAQBe_iGlnrxL9Q0nMGa9de4wCypTipEHeHSCmgfTPzXiLgtpawdV7CnMRZDOL0uxHGB9cdpDvWW5Ox1XWZSe6KPGiX15b4eTncv4OCvXzr0SdgnDSRtpBotAas8pRAgabogCiDzZ4d6sxZuWyY3Kij9n6YojPi_QHokjgB:1uasxv:2Lzkb_eDZ8arur73azdmVtFPtXPd2WweUvReYlvPHy0", "expire_date": "2025-07-27T09:25:47.278Z"}}, {"model": "sessions.session", "pk": "lbw6gu2u2fctb0ijzrl8uzfxtphmmi07", "fields": {"session_data": ".eJxVjDkOwjAUBe_iGll2vMWU9JzB-ltIANlSlgpxd4iUAto3M--lCmzrWLZF5jKxOiurTr8bAj2k7oDvUG9NU6vrPKHeFX3QRV8by_NyuH8HIyzjt84eAxlD5FLPTL1Q53JPHQzWmOhiyOxjBhSPObgQB0xenE0GkxXAQb0_5Ck4Aw:1u5S4S:f8tuGLfFPUFKLgQiJX9P_1XHHDDkrM6H6KncpVbNTHY", "expire_date": "2025-05-01T16:26:36.511Z"}}, {"model": "sessions.session", "pk": "mefgs0gm7mylqvkh3x0htup86118ns9f", "fields": {"session_data": ".eJxVjDkOwjAUBe_iGll2vMWU9JzB-ltIANlSlgpxd4iUAto3M--lCmzrWLZF5jKxOiurTr8bAj2k7oDvUG9NU6vrPKHeFX3QRV8by_NyuH8HIyzjt84eAxlD5FLPTL1Q53JPHQzWmOhiyOxjBhSPObgQB0xenE0GkxXAQb0_5Ck4Aw:1tzqi8:M8vD3IdN58jxVKqngUhuEZjU_uJO5dzE9wg5dCk13-w", "expire_date": "2025-04-16T05:32:24.301Z"}}, {"model": "sessions.session", "pk": "oou5aalyxziyfmgt8em40r7w8qdgtt72", "fields": {"session_data": ".eJxVjDkOwjAUBe_iGll2vMWU9JzB-ltIANlSlgpxd4iUAto3M--lCmzrWLZF5jKxOiurTr8bAj2k7oDvUG9NU6vrPKHeFX3QRV8by_NyuH8HIyzjt84eAxlD5FLPTL1Q53JPHQzWmOhiyOxjBhSPObgQB0xenE0GkxXAQb0_5Ck4Aw:1u4xZC:-vnTF9qRCySRNAqzEH9QjTtRoBwfeHnaMOqHYsrCUls", "expire_date": "2025-04-30T07:52:18.087Z"}}, {"model": "sessions.session", "pk": "wzd9vy88dnqzvkp1tw3kuha8nny834tc", "fields": {"session_data": ".eJxVjDkOwjAUBe_iGll2vMWU9JzB-ltIANlSlgpxd4iUAto3M--lCmzrWLZF5jKxOiurTr8bAj2k7oDvUG9NU6vrPKHeFX3QRV8by_NyuH8HIyzjt84eAxlD5FLPTL1Q53JPHQzWmOhiyOxjBhSPObgQB0xenE0GkxXAQb0_5Ck4Aw:1u5Rm0:i5xSoywXoG1wFyqQ78WYGxk4vTTlMsx0YRGAm4O0PXg", "expire_date": "2025-05-01T16:07:32.620Z"}}, {"model": "app_bot.telegramuser", "pk": 15, "fields": {"tg_name": "anikeeva_darina", "tg_id": 1328266709, "role": "admin", "created_at": "2025-04-07T18:56:19.877Z"}}, {"model": "app_bot.telegramuser", "pk": 16, "fields": {"tg_name": "ekaterinaorlova_soma", "tg_id": 442811467, "role": "client", "created_at": "2025-04-08T19:05:59.704Z"}}, {"model": "app_bot.telegramuser", "pk": 20, "fields": {"tg_name": "Maks_anikeev", "tg_id": 704859099, "role": "user", "created_at": "2025-04-13T07:29:30.131Z"}}, {"model": "app_bot.telegramuser", "pk": 21, "fields": {"tg_name": "ArsAzalea", "tg_id": 385605019, "role": "client", "created_at": "2025-04-13T08:25:16.440Z"}}, {"model": "app_bot.tariff", "pk": 1, "fields": {"title": "Стандарт", "description": "<p>Этот тариф предполагает базовые доступы на месяц и не более 5 запросов к чату GPT в день.<br>Помощи куратора нет</p>", "price": 90, "status": "active"}}, {"model": "app_bot.tariff", "pk": 2, "fields": {"title": "Продвинутый", "description": "<p>Этот тариф предполагает основные доступы на месяц и не более 30 запросов к чату GPT в день.<br>Помощи куратора есть, проверка домашек</p>", "price": 100000, "status": "active"}}, {"model": "app_bot.tariff", "pk": 3, "fields": {"title": "ВИП", "description": "<p>Это вип тариф доступно все без ограничения и даже 1кг мандарин в неделю</p>\r\n<p>Личное наставничество создателя курса</p>", "price": 200000, "status": "active"}}, {"model": "app_bot.tariff", "pk": 4, "fields": {"title": "Ляляля", "description": "<p>Пробный тариф</p>", "price": 570, "status": "active"}}, {"model": "app_bot.payment", "pk": 13, "fields": {"payment_date": "2025-04-08T18:19:31.410Z", "amount": 90, "user": 15, "access_date_start": "2025-04-08", "access_date_finish": "2025-05-08", "tariff": 1, "status": "completed", "service_description": "Оплата тарифа Стандарт"}}, {"model": "app_bot.payment", "pk": 14, "fields": {"payment_date": "2025-04-08T19:10:38.559Z", "amount": 90, "user": 16, "access_date_start": "2025-04-08", "access_date_finish": "2025-05-08", "tariff": 1, "status": "completed", "service_description": "Оплата тарифа Стандарт"}}, {"model": "app_bot.payment", "pk": 29, "fields": {"payment_date": "2025-04-13T10:44:13.741Z", "amount": 90, "user": 20, "access_date_start": "2025-04-13", "access_date_finish": "2025-05-13", "tariff": 1, "status": "completed", "service_description": "Оплата тарифа Стандарт"}}, {"model": "app_bot.payment", "pk": 30, "fields": {"payment_date": "2025-04-16T09:32:26.094Z", "amount": 200000, "user": 21, "access_date_start": "2025-04-16", "access_date_finish": "2025-05-16", "tariff": 3, "status": "completed", "service_description": "Оплата тарифа ВИП"}}, {"model": "app_bot.usercontact", "pk": 15, "fields": {"firstname": "Оо", "secondname": "о", "email": "example@example.com", "city": "о", "phonenumber": "+79991234567"}}, {"model": "app_bot.usercontact", "pk": 16, "fields": {"firstname": "Екатерина", "secondname": "Орлова", "email": "Oka@gtn.ru", "city": "Ставрополь", "phonenumber": "+79803004819"}}, {"model": "app_bot.usercontact", "pk": 20, "fields": {"firstname": "Максим", "secondname": "Аникеев", "email": "example@example.com", "city": "Ставрополь", "phonenumber": "+79120288149"}}, {"model": "app_bot.usercontact", "pk": 21, "fields": {"firstname": "Азалия", "secondname": "Арсентьева", "email": null, "city": "Алтай", "phonenumber": "+79831313270"}}, {"model": "app_bot.topic", "pk": 1, "fields": {"title": "Миссия 1. Планета Иллумир", "description": "<div id=\"xdgetr616\" class=\"xdget-block xdget-html\t\t\" data-xdget-id=\"r616\">\r\n<div class=\"html-content\">\r\n<p>Добро пожаловать на курс Хранилища данных!🌟&nbsp;<a href=\"https://softskills26.getcourse.ru/teach/control/stream/view/id/866275387\"><span class=\"stream-title\">Миссия 1. Планета Иллумир</span></a></p>\r\n<div><strong>В этом миссии мы с тобой</strong> познакомимся, научимся покорять вершины знаний в уроке \"Учимся учиться\", а завершим всё мега-зажигательной бизнес-игрой \"Найди ответ\"</div>\r\n</div>\r\n</div>\r\n<div id=\"xdget666416\" class=\"xdget-block xdget-trainingList\t\t\" data-xdget-id=\"666416\">\r\n<div class=\"row\">\r\n<div class=\"col-md-12\">&nbsp;</div>\r\n</div>\r\n</div>", "serial_number": 1, "picture": "topics/миссия_1.jpeg"}}, {"model": "app_bot.topic", "pk": 3, "fields": {"title": "Миссия 2. Планета Алтирия", "description": "<p>Вместе освоим методологии, окунемся в увлекательную AgileGame, и выясним требования к документации</p>", "serial_number": 2, "picture": "topics/миссия_2_5N5HEDg.jpeg"}}, {"model": "app_bot.topic", "pk": 4, "fields": {"title": "Миссия 3. Планета Корантия", "description": "<p><a href=\"https://softskills26.getcourse.ru/teach/control/stream/view/id/867355455\">Начнем с бизнес-игры по сбору требований, затем разберем документацию по разработке ПО, и завершим путешествие моделированием бизнес-процессов</a></p>", "serial_number": 3, "picture": "topics/миссия_2.3.jpeg"}}, {"model": "app_bot.lesson", "pk": 1, "fields": {"topic": 1, "title": "М1 Шаг 1. Вводный урок", "description": "<div id=\"lite-block-live-wrapper-1743448326-9309\" class=\"lite-block-live-wrapper o-lt-lesson o-lt-lesson-header\" data-updated=\"1711062435\" data-block-id=\"2002346029\">\r\n<div id=\"ltBlock2002346029\" class=\"lt-block lt-view lessonHdr01 lt-lesson lt-lesson-header\" data-block-id=\"2002346029\" data-code=\"b-a190d\">\r\n<div class=\"lt-block-wrapper\">\r\n<div class=\"container\">\r\n<div class=\"row\">\r\n<div class=\"modal-block-content block-box col-md-12 text-center\">\r\n<div class=\"header f-header f-lesson-header-1\" data-main-class=\"header\" data-editable=\"true\" data-param=\"header\">\r\n<p style=\"text-align: left;\"><span style=\"background-color: rgb(255, 255, 255);\">Давай знакомиться<strong>!</strong></span></p>\r\n</div>\r\n</div>\r\n</div>\r\n</div>\r\n</div>\r\n</div>\r\n</div>\r\n<div id=\"lite-block-live-wrapper-1743448326-9355\" class=\"lite-block-live-wrapper o-lt-lesson o-lt-lesson-mission-block\" data-updated=\"1711062413\" data-block-id=\"2002345760\">\r\n<div id=\"ltBlock2002345760\" class=\"lt-block lt-view lmb1 lt-lesson lt-lesson-mission-block\" data-block-id=\"2002345760\" data-code=\"ltBlock2002345760\"></div>\r\n</div>\r\n<div id=\"lite-block-live-wrapper-1743448326-9386\" class=\"lite-block-live-wrapper o-lt-lesson o-lt-lesson-text\" data-updated=\"1711062413\" data-block-id=\"2002346059\">\r\n<div id=\"ltBlock2002346059\" class=\"lt-block lt-view lessonTxt01 lt-lesson lt-lesson-text\" data-block-id=\"2002346059\" data-code=\"b-6f996\">\r\n<div class=\"lt-block-wrapper\">\r\n<div class=\"container\">\r\n<div class=\"row\">\r\n<div class=\"modal-block-content block-box col-md-12\">\r\n<div class=\"text f-text\" data-main-class=\"text\">\r\n<div data-editable=\"true\" data-param=\"text\">\r\n<p>&nbsp;На первом уроке мы с вами познакомимся,🤝&nbsp;</p>\r\n<p>расскажем все организационные моменты по проведению курса,&nbsp;</p>\r\n<p>а также ответим на все ваши вопросы&nbsp;по курсу&nbsp;❓&nbsp;и процессу обучения.&nbsp;</p>\r\n<p><br>&nbsp;Первый урок - очень важен, рекомендуем подключаться на встречу. И всё же, если не удалось попасть на первый урок, мы предоставим вам запись встречи. 📹🔗</p>\r\n<p><br>Встреча будет происходить в режиме онлайн. 🌐</p>\r\n<p><br>Ссылку на встречу отправим в учебный чат. 💬</p>\r\n</div>\r\n</div>\r\n</div>\r\n</div>\r\n</div>\r\n</div>\r\n</div>\r\n</div>", "serial_number": 1, "picture": "lesons/Знакомство.jpeg"}}, {"model": "app_bot.lesson", "pk": 2, "fields": {"topic": 1, "title": "М1 Шаг 2. Учимся учиться", "description": "<div id=\"lite-block-live-wrapper-1743448490-0559\" class=\"lite-block-live-wrapper o-lt-lesson o-lt-lesson-header\" data-updated=\"1711062590\" data-block-id=\"2002346378\">\r\n<div id=\"ltBlock2002346378\" class=\"lt-block lt-view lessonHdr01 lt-lesson lt-lesson-header\" data-block-id=\"2002346378\" data-code=\"b-bdab1\">\r\n<div class=\"lt-block-wrapper\">\r\n<div class=\"container\">\r\n<div class=\"row\">\r\n<div class=\"modal-block-content block-box col-md-12 text-center\">\r\n<div class=\"header f-header f-lesson-header-1\" data-main-class=\"header\" data-editable=\"true\" data-param=\"header\">\r\n<p>Разовьем навык&nbsp;учиться.</p>\r\n</div>\r\n</div>\r\n</div>\r\n</div>\r\n</div>\r\n</div>\r\n</div>\r\n<div id=\"lite-block-live-wrapper-1743448490-0585\" class=\"lite-block-live-wrapper o-lt-lesson o-lt-lesson-text o-description\" data-updated=\"1711062641\" data-block-id=\"2002348263\">\r\n<div id=\"ltBlock2002348263\" class=\"lt-block lt-view lessonTxt01 lt-lesson lt-lesson-text description\" data-block-id=\"2002348263\" data-code=\"b-28a30\">\r\n<div class=\"lt-block-wrapper\">\r\n<div class=\"container\">\r\n<div class=\"row\">\r\n<div class=\"modal-block-content block-box col-md-12\">\r\n<div class=\"text f-text\" data-main-class=\"text\">\r\n<div data-editable=\"true\" data-param=\"text\">\r\n<p>Уметь учиться&nbsp;- это просто супер-важный навык, который поможет тебе быть настоящим мастером любого дела! 💪🎓</p>\r\n<p><br>Когда ты умеешь учиться, ты становишься эффективнее и успешнее в своей сфере, вне зависимости от того, чем ты занимаешься. Ты получаешь возможность постоянно развиваться 🌱💡 и приспосабливаться к быстро меняющемуся миру, учить новые навыки и быть в курсе последних тенденций.</p>\r\n<p><br>А еще это помогает развить критическое мышление 🤔🔎 - умение анализировать информацию, задавать вопросы ❓🤔 и принимать взвешенные решения. В общем, это навык, который однозначно пригодится каждому!&nbsp;</p>\r\n<p><br>Учиться - это круто! 😎📚🌟</p>\r\n</div>\r\n</div>\r\n</div>\r\n</div>\r\n</div>\r\n</div>\r\n</div>\r\n</div>", "serial_number": 2, "picture": "lesons/Учится.jpeg"}}, {"model": "app_bot.lesson", "pk": 3, "fields": {"topic": 1, "title": "М1 Шаг 3. Применяем новые знания на практике", "description": "<div id=\"lite-block-live-wrapper-1743448592-1474\" class=\"lite-block-live-wrapper o-lt-lesson o-lt-lesson-header\" data-updated=\"1711061100\" data-block-id=\"2002347760\">\r\n<div id=\"ltBlock2002347760\" class=\"lt-block lt-view lessonHdr01 lt-lesson lt-lesson-header\" data-block-id=\"2002347760\" data-code=\"b-4d6ce\">\r\n<div class=\"lt-block-wrapper\">\r\n<div class=\"container\">\r\n<div class=\"row\">\r\n<div class=\"modal-block-content block-box col-md-12 text-center\">\r\n<div class=\"header f-header f-lesson-header-1\" data-main-class=\"header\" data-editable=\"true\" data-param=\"header\">\r\n<p>Бизнес-игра \"Найди ответ\"</p>\r\n</div>\r\n</div>\r\n</div>\r\n</div>\r\n</div>\r\n</div>\r\n</div>\r\n<div id=\"lite-block-live-wrapper-1743448592-1528\" class=\"lite-block-live-wrapper o-lt-lesson o-lt-lesson-text\" data-updated=\"1711061100\" data-block-id=\"2002347765\">\r\n<div id=\"ltBlock2002347765\" class=\"lt-block lt-view lessonTxt01 lt-lesson lt-lesson-text\" data-block-id=\"2002347765\" data-code=\"b-b7cdc\">\r\n<div class=\"lt-block-wrapper\">\r\n<div class=\"container\">\r\n<div class=\"row\">\r\n<div class=\"modal-block-content block-box col-md-12\">\r\n<div class=\"text f-text\" data-main-class=\"text\">\r\n<div data-editable=\"true\" data-param=\"text\">\r\n<p>На третьем уроке нашего Модуля&nbsp;мы сыграем в игру \"Найди ответ\". 🕵️&zwj;♂️💡</p>\r\n<p>Подробно все правила мы объясним прямо на встрече, а пока что... всё, что тебе понадобится, это знания с предыдущих уроков и просто хорошее настроение! 🎓😄</p>\r\n<p><br>Советуем зайти на встречу - попрактикуешься в общении, плюс получишь опыт взаимодействия с разными информационными ресурсами и структурами в мире IT. 💻🌐</p>\r\n<p><br>Мы ждем тебя онлайн в 19:00 по московскому времени. Ссылка на встречу отправим в учебный чат.&nbsp;Если по каким-то причинам ты не сможешь подключиться, не волнуйся - мы сделаем запись встречи. 👍📹 Только не забудь предупредить об этом своего наставника. 😉</p>\r\n<p><br>Скоро увидимся! 🎉</p>\r\n</div>\r\n</div>\r\n</div>\r\n</div>\r\n</div>\r\n</div>\r\n</div>\r\n</div>", "serial_number": 3, "picture": "lesons/Найди_ответ.jpeg"}}, {"model": "app_bot.lesson", "pk": 6, "fields": {"topic": 3, "title": "М2 Шаг 1. Методологии", "description": "<div id=\"lite-block-live-wrapper-1743526604-249\" class=\"lite-block-live-wrapper o-lt-lesson o-lt-lesson-header\" data-updated=\"1712248407\" data-block-id=\"2002347952\">\r\n<div id=\"ltBlock2002347952\" class=\"lt-block lt-view lessonHdr01 lt-lesson lt-lesson-header\" data-block-id=\"2002347952\" data-code=\"b-e08f9\">\r\n<div class=\"lt-block-wrapper\">\r\n<div class=\"container\">\r\n<div class=\"row\">\r\n<div class=\"modal-block-content block-box col-md-12 text-center\">\r\n<div class=\"header f-header f-lesson-header-1\" data-main-class=\"header\" data-editable=\"true\" data-param=\"header\">\r\n<p>Методологии - круче, чем кажутся!</p>\r\n</div>\r\n</div>\r\n</div>\r\n</div>\r\n</div>\r\n</div>\r\n</div>\r\n<div id=\"lite-block-live-wrapper-1743526604-2532\" class=\"lite-block-live-wrapper o-lt-lesson o-lt-lesson-text\" data-updated=\"1712248411\" data-block-id=\"2002347956\">\r\n<div id=\"ltBlock2002347956\" class=\"lt-block lt-view lessonTxt01 lt-lesson lt-lesson-text\" data-block-id=\"2002347956\" data-code=\"b-2e0d4\">\r\n<div class=\"lt-block-wrapper\">\r\n<div class=\"container\">\r\n<div class=\"row\">\r\n<div class=\"modal-block-content block-box col-md-12\">\r\n<div class=\"text f-text\" data-main-class=\"text\">\r\n<div data-editable=\"true\" data-param=\"text\">\r\n<p>Методологии&nbsp;как специальные способы упрощения нашей работы, делают всё более организованным и понятным, словно упорядоченные пазлы. 👍🧩&nbsp;Это как правила игры в футбол, которые помогают всей команде играть согласованно и эффективно. ⚽️🥅&nbsp;</p>\r\n<p>&nbsp;</p>\r\n<p>И самое классное - они помогают нам избежать ошибок и внезапных \"сюрпризов\", просто предлагая пошаговый план к действию. 👌💡&nbsp;</p>\r\n<p>Поэтому, просто научись применять их, и ты станешь настоящим мастером IT! 🚀💻</p>\r\n</div>\r\n</div>\r\n</div>\r\n</div>\r\n</div>\r\n</div>\r\n</div>\r\n</div>", "serial_number": 1, "picture": "lesons/миссия_2_eUKCC2n.jpeg"}}, {"model": "app_bot.lesson", "pk": 8, "fields": {"topic": 4, "title": "М3 начало", "description": "<div id=\"lite-block-live-wrapper-1743572445-8648\" class=\"lite-block-live-wrapper o-lt-lesson o-lt-lesson-header\" data-updated=\"1712248510\" data-block-id=\"2003968535\">\r\n<div id=\"ltBlock2003968535\" class=\"lt-block lt-view lessonHdr01 lt-lesson lt-lesson-header\" data-block-id=\"2003968535\" data-code=\"b-8af91\">\r\n<div class=\"lt-block-wrapper\">\r\n<div class=\"container\">\r\n<div class=\"row\">\r\n<div class=\"modal-block-content block-box col-md-12 text-center\">\r\n<div class=\"header f-header f-lesson-header-1\" data-main-class=\"header\" data-editable=\"true\" data-param=\"header\">\r\n<p>Почему документация - это важно?</p>\r\n</div>\r\n</div>\r\n</div>\r\n</div>\r\n</div>\r\n</div>\r\n</div>\r\n<div id=\"lite-block-live-wrapper-1743572445-8678\" class=\"lite-block-live-wrapper o-lt-lesson o-lt-lesson-text\" data-updated=\"1712248513\" data-block-id=\"2003974061\">\r\n<div id=\"ltBlock2003974061\" class=\"lt-block lt-view lessonTxt01 lt-lesson lt-lesson-text\" data-block-id=\"2003974061\" data-code=\"b-cbd50\">\r\n<div class=\"lt-block-wrapper\">\r\n<div class=\"container\">\r\n<div class=\"row\">\r\n<div class=\"modal-block-content block-box col-md-12\">\r\n<div class=\"text f-text\" data-main-class=\"text\">\r\n<div data-editable=\"true\" data-param=\"text\">\r\n<p>1️⃣ Во-первых, хорошая документация &ndash; это как твой личный GPS в мире кода. Она помогает тебе не заблудиться и всегда знать, где и что ты делал. Это своего рода карта твоего кода. 🧩🔍</p>\r\n<p><br>2️⃣ Во-вторых, когда ты работаешь в команде, и все понимают, что происходит благодаря качественной документации, это прям как супер-сила. Будь как Железный человек собирающий команду Мстителей - уверяю, они тебя за это полюбят! 🤝👥</p>\r\n<p><br>3️⃣ И конечно, не забываем о деньгах. 💰 Хорошо задокументированный проект просто кричит во всеуслышание: \"Я профессионал! Я знаю, что делаю! И я стою того, чтобы в меня вложились!\" 📈💰</p>\r\n<p><br>В общем, изучай создание документации и мир программирования будет у твоих ног! 🚀</p>\r\n</div>\r\n</div>\r\n</div>\r\n</div>\r\n</div>\r\n</div>\r\n</div>\r\n</div>", "serial_number": 1, "picture": "lesons/миссия_2_lSrS3mw.2.jpeg"}}, {"model": "app_bot.lesson", "pk": 9, "fields": {"topic": 4, "title": "М3 продолжение", "description": "<div id=\"lite-block-live-wrapper-1743572485-3332\" class=\"lite-block-live-wrapper o-lt-lesson o-lt-lesson-header\" data-updated=\"1712249785\" data-block-id=\"2003979872\">\r\n<div id=\"ltBlock2003979872\" class=\"lt-block lt-view lessonHdr01 lt-lesson lt-lesson-header\" data-block-id=\"2003979872\" data-code=\"b-cbd37\">\r\n<div class=\"lt-block-wrapper\">\r\n<div class=\"container\">\r\n<div class=\"row\">\r\n<div class=\"modal-block-content block-box col-md-12 text-center\">\r\n<div class=\"header f-header f-lesson-header-1\" data-main-class=\"header\" data-editable=\"true\" data-param=\"header\">\r\n<p>Моделирование бизнес-процессов при&nbsp;разработке ПО</p>\r\n</div>\r\n</div>\r\n</div>\r\n</div>\r\n</div>\r\n</div>\r\n</div>\r\n<div id=\"lite-block-live-wrapper-1743572485-3362\" class=\"lite-block-live-wrapper o-lt-lesson o-lt-lesson-text\" data-updated=\"1712249787\" data-block-id=\"2003979946\">\r\n<div id=\"ltBlock2003979946\" class=\"lt-block lt-view lessonTxt01 lt-lesson lt-lesson-text\" data-block-id=\"2003979946\" data-code=\"b-fc4fd\">\r\n<div class=\"lt-block-wrapper\">\r\n<div class=\"container\">\r\n<div class=\"row\">\r\n<div class=\"modal-block-content block-box col-md-12\">\r\n<div class=\"text f-text\" data-main-class=\"text\">\r\n<div data-editable=\"true\" data-param=\"text\">\r\n<p>&nbsp;Изучение моделирования бизнес-процессов&nbsp;</p>\r\n<p>в разработке ПО -&nbsp;как построение карты 🗺️ перед большим путешествием.&nbsp;</p>\r\n<p>&nbsp;</p>\r\n<p>Это помогает нам понять, как компания работает, чтобы мы могли создать программное обеспечение, которое идеально подходит для нужд Заказчика 🎯.&nbsp;</p>\r\n<p>&nbsp;</p>\r\n<p>Без него, мы можем заблудиться в джунглях кода</p>\r\n<p>&nbsp;и тратить время на ненужные функции! 😲🌴</p>\r\n<p>&nbsp;</p>\r\n<p>С другой стороны, с хорошим знанием моделирования бизнес-процессов,&nbsp;</p>\r\n<p>мы можем проложить маршрут к успешному проекту 🏁🏆 и в конечном итоге - довольному клиенту! 😁🎉</p>\r\n</div>\r\n</div>\r\n</div>\r\n</div>\r\n</div>\r\n</div>\r\n</div>\r\n</div>", "serial_number": 2, "picture": "lesons/миссия_2_0rWiymX.jpeg"}}, {"model": "app_bot.video", "pk": 1, "fields": {"lesson": 2, "title": "Учится (М1 У2)", "serial_number": 1, "video_link": "https://youtu.be/SCNcNFSOuTo", "next_topics": [], "next_lessons": [], "next_videos": [], "next_tests": [1], "next_practices": []}}, {"model": "app_bot.video", "pk": 2, "fields": {"lesson": 3, "title": "практика 1 миссии (М1 У3)", "serial_number": 1, "video_link": "https://youtu.be/CPo86DyaYF8", "next_topics": [], "next_lessons": [], "next_videos": [], "next_tests": [2], "next_practices": []}}, {"model": "app_bot.video", "pk": 3, "fields": {"lesson": 2, "title": "учимся 2 (М1 У2)", "serial_number": 2, "video_link": "https://youtu.be/ai8Hwgf0knM", "next_topics": [], "next_lessons": [], "next_videos": [], "next_tests": [], "next_practices": []}}, {"model": "app_bot.video", "pk": 4, "fields": {"lesson": 8, "title": "видео начало (М3 У1)", "serial_number": 1, "video_link": "https://youtu.be/mNyxZ0fa7Aw", "next_topics": [], "next_lessons": [], "next_videos": [], "next_tests": [], "next_practices": []}}, {"model": "app_bot.video", "pk": 5, "fields": {"lesson": 2, "title": "учат в школе (М1 У2)", "serial_number": 3, "video_link": "https://www.tiktok.com/@irinaromaschka/video/7273741349654940961?is_from_webapp=1&sender_device=pc", "next_topics": [], "next_lessons": [], "next_videos": [], "next_tests": [1], "next_practices": []}}, {"model": "app_bot.video", "pk": 6, "fields": {"lesson": 6, "title": "методология (М2 У1)", "serial_number": 1, "video_link": "https://youtu.be/wsRyKVwNUUg", "next_topics": [], "next_lessons": [], "next_videos": [10], "next_tests": [], "next_practices": []}}, {"model": "app_bot.video", "pk": 7, "fields": {"lesson": 1, "title": "вводный (М1 У1)", "serial_number": 1, "video_link": "https://www.youtube.com/shorts/lPK_2-6U5eA?feature=share", "next_topics": [], "next_lessons": [], "next_videos": [8], "next_tests": [], "next_practices": []}}, {"model": "app_bot.video", "pk": 8, "fields": {"lesson": 1, "title": "вводный2 (М1 У1)", "serial_number": 2, "video_link": "https://www.youtube.com/shorts/h26AVeFXFOE?feature=share", "next_topics": [], "next_lessons": [2], "next_videos": [1], "next_tests": [], "next_practices": []}}, {"model": "app_bot.video", "pk": 9, "fields": {"lesson": 2, "title": "учимся 3 (М1 У2)", "serial_number": 4, "video_link": "https://youtu.be/I7Olcn7UNkk", "next_topics": [], "next_lessons": [], "next_videos": [], "next_tests": [], "next_practices": []}}, {"model": "app_bot.video", "pk": 10, "fields": {"lesson": 6, "title": "методологии2 (М2 У1)", "serial_number": 2, "video_link": "https://youtu.be/I7Olcn7UNkk", "next_topics": [], "next_lessons": [], "next_videos": [11], "next_tests": [], "next_practices": []}}, {"model": "app_bot.video", "pk": 11, "fields": {"lesson": 6, "title": "методологии3 (М2 У1)", "serial_number": 3, "video_link": "https://www.youtube.com/shorts/pLSQ4uisCb0?feature=share", "next_topics": [4], "next_lessons": [8], "next_videos": [4], "next_tests": [], "next_practices": []}}, {"model": "app_bot.videosummary", "pk": 1, "fields": {"video": 1, "title": "Как учится (М1 У2)", "description": "<ul class=\"ul-checks ul-checks-2\">\r\n<li>Самое продуктивное время для работы 🌞⚡️ считается 9 часов утра ☕️🌅, особенно подходящим для усвоения новой информации.</li>\r\n</ul>\r\n<p>&nbsp;</p>\r\n<p>&nbsp;</p>\r\n<ul class=\"ul-checks ul-checks-2\">\r\n<li>Для эффективного обучения&nbsp;рекомендуется полноценный здоровый сон 😴💤, физическая нагрузка 🏋️&zwj;♀️🏃&zwj;♂️, медитация 🧘&zwj;♀️🌿, хорошее настроение 😄🌈 и умеренная прокрастинация.</li>\r\n</ul>\r\n<p>&nbsp;</p>\r\n<p>&nbsp;</p>\r\n<ul class=\"ul-checks ul-checks-2\">\r\n<li><span class=\"redactor-inline-converted\">Техники развития памяти, такие как мнемоника, метод Гейсельхарта, таблицы Шульте&nbsp;и заучивание стихов, могут помочь в запоминании информации. 🤔💡</span></li>\r\n</ul>\r\n<p>&nbsp;</p>\r\n<ul class=\"ul-checks ul-checks-2\">\r\n<li>Для улучшения процесса запоминания&nbsp;рекомендуется использовать метод Помидоро&nbsp;и интервалы повторения изученного материала. ⏰🔁</li>\r\n</ul>\r\n<p>&nbsp;</p>\r\n<ul class=\"ul-checks ul-checks-2\">\r\n<li>Умение искать информацию 🔍, задавать правильные вопросы ❓, относиться к сложностям как к вызову 💪&nbsp;и гибкое мышление&nbsp;важны для быстрого обучения.</li>\r\n</ul>\r\n<p>&nbsp;</p>\r\n<p>&nbsp;</p>\r\n<ul class=\"ul-checks ul-checks-2\">\r\n<li>Поиск информации можно проводить с помощью поисковиков, таких как Яндекс&nbsp;и Гугл, и следует использовать разные фразы и кавычки для точного поиска. 🔎</li>\r\n</ul>\r\n<p>&nbsp;</p>\r\n<ul class=\"ul-checks ul-checks-2\">\r\n<li>Для эффективного взаимодействия с системами и другими людьми необходимо знать свои границы, уметь четко изъясняться 💬🗣 и проходить точки контроля. ✅🔒</li>\r\n</ul>", "picture": ""}}, {"model": "app_bot.videosummary", "pk": 2, "fields": {"video": 3, "title": "деловое общение (М1 У2)", "description": "<ul class=\"ul-checks ul-checks-2\">\r\n<li><strong>Scrum ценности:</strong></li>\r\n</ul>\r\n<ul>\r\n<li><strong>🔐 Ответственность:</strong>&nbsp;Члены Scrum-команды берут на себя персональную ответственность за достижение целей.🎯💪</li>\r\n<li>🌟 Открытость: Команда и заинтересованные лица открыто обсуждают работу и возникающие сложности.</li>\r\n<li><strong>💥 Смелость:</strong>&nbsp;Члены команды имеют смелость решать сложные проблемы.</li>\r\n<li>🎯 Сфокусированность: Участники команды сосредотачиваются на работе и целях команды в целом.</li>\r\n<li><strong>🤝 Уважение:</strong>&nbsp;Члены команды уважают профессионализм и самостоятельность друг друга.&nbsp;🙌🤝</li>\r\n</ul>\r\n<ul class=\"ul-checks ul-checks-2\">\r\n<li>&nbsp; &nbsp;<strong>Особенности деловой коммуникации:</strong></li>\r\n</ul>\r\n<ul>\r\n<li><strong>✨ Четкость:</strong>&nbsp;Избегание архаизмов, профессиональных терминов из других сфер и бытовых оборотов речи.</li>\r\n<li><strong>⏱️ Краткость:</strong>&nbsp;Выражение и передача информации в лаконичной форме.</li>\r\n<li><strong>🎯 Объективность:</strong>&nbsp;Представление сухих фактов без эмоциональной оценки, хотя иногда эмоциональное выражение может быть уместным в зависимости от контекста.</li>\r\n<li><strong>💡 Технические термины:</strong>&nbsp;Обсуждение технических терминов и нюансов только с техническими специалистами, а не с бизнес-пользователями.</li>\r\n<li><strong>🎯 Точность:</strong>&nbsp;Если вопрос задан неоднозначно, следует уточнить его для более точного ответа.&nbsp;🎯🧐</li>\r\n<li><strong>📝 Структура ответа:</strong>&nbsp;Ответить сначала на сами вопросы, а затем дать разъяснения.&nbsp;</li>\r\n</ul>\r\n<ul class=\"ul-checks ul-checks-2\">\r\n<li><span class=\"redactor-inline-converted\"><strong>Особенности деловой коммуникации в онлайн:</strong></span></li>\r\n</ul>\r\n<ul>\r\n<li><strong>📹 Видео:</strong>&nbsp;Встречи в онлайн формате часто требуют использования видеосвязи.&nbsp;🎥💻</li>\r\n<li><strong>👔 Внешний вид:</strong>&nbsp;Подготовьтесь к видео-встречам, избегая домашней одежды и предпочтительно выбирая smart casual стиль.&nbsp;👗👔</li>\r\n<li><strong>💡 Освещение:</strong>&nbsp;Обеспечьте достаточное освещение для хорошей видимости.</li>\r\n<li><strong>🌆 Фон и ракурс:</strong> Настройте фон с размытием или используйте виртуальный фон, выберите удачный ракурс для камеры.</li>\r\n</ul>", "picture": ""}}, {"model": "app_bot.videosummary", "pk": 3, "fields": {"video": 2, "title": "найди ответ  (М1 У3)", "description": "<p>Здесь описание видео после игры</p>", "picture": ""}}, {"model": "app_bot.videosummary", "pk": 4, "fields": {"video": 4, "title": "консп начало (М3 У1)", "description": "<ul class=\"ul-checks ul-checks-2\">\r\n<li>🎯 Бизнес-процесс: Это цепочка последовательных действий, которые приводят к решению определенной задачи, подобно тому, как приготовление супа включает ряд шагов.</li>\r\n</ul>\r\n<p>&nbsp;</p>\r\n<p>&nbsp;</p>\r\n<ul class=\"ul-checks ul-checks-2\">\r\n<li>🛠️ Моделирование бизнес-процессов: Метод, который помогает улучшать эффективность и прозрачность работы организации, иллюстрируя как текущее, так и желаемое будущее состояние.</li>\r\n</ul>\r\n<p>&nbsp;</p>\r\n<p>&nbsp;</p>\r\n<ul class=\"ul-checks ul-checks-2\">\r\n<li><span class=\"redactor-inline-converted\">📝 Описание бизнес-процесса: Графическое или текстовое представление действий в бизнес-процессе. Оно помогает регулировать, анализировать и оптимизировать процессы, делая работу более управляемой.</span></li>\r\n</ul>\r\n<p>&nbsp;</p>\r\n<ul class=\"ul-checks ul-checks-2\">\r\n<li>📊 Функция описания бизнес-процессов: Целью описания является выявление возможностей для улучшения процессов и повышения их эффективности.</li>\r\n</ul>\r\n<p>&nbsp;</p>\r\n<ul class=\"ul-checks ul-checks-2\">\r\n<li>🏁 Начало и конец бизнес-процесса: Перед описанием процесса важно определить, с чего он начинается, какие ресурсы необходимы, и какой ожидается конечный результат.</li>\r\n</ul>\r\n<p>&nbsp;</p>\r\n<ul class=\"ul-checks ul-checks-2\">\r\n<li>🎨 Нотации: Графические модели, используемые для записи, анализа и оптимизации бизнес-процессов. Они служат как \"язык\" для моделирования бизнес-процессов.</li>\r\n</ul>", "picture": ""}}, {"model": "app_bot.videosummary", "pk": 5, "fields": {"video": 5, "title": "учат в школе (М1 У2)", "description": "<p>Тут описание<br>Про все все все</p>", "picture": ""}}, {"model": "app_bot.test", "pk": 1, "fields": {"lesson": 2, "title": "Определения (М1 У2)", "description": "<p>Тут мы поговорим про виды памяти</p>", "show_right_answer": true, "next_topics": [], "next_lessons": [3], "next_videos": [2], "next_tests": [], "next_practices": []}}, {"model": "app_bot.test", "pk": 2, "fields": {"lesson": 3, "title": "тест2 (М1 У3)", "description": "<p>просто тест</p>", "show_right_answer": false, "next_topics": [], "next_lessons": [], "next_videos": [], "next_tests": [], "next_practices": [1]}}, {"model": "app_bot.test", "pk": 3, "fields": {"lesson": 1, "title": "Тест уровня", "description": "<p>Это тест для определения уровня ваших знаний в области системного анализа</p>", "show_right_answer": false, "next_topics": [], "next_lessons": [], "next_videos": [], "next_tests": [], "next_practices": []}}, {"model": "app_bot.question", "pk": 1, "fields": {"test": 1, "video": null, "description": "<h1 style=\"text-indent: 0cm; line-height: 97%; mso-list: l0 level1 lfo1; tab-stops: 23.65pt; margin: 0cm 8.1pt .0001pt 8.0pt;\"><span style=\"font-size: 12.0pt; line-height: 97%; font-family: 'Times New Roman',serif;\">Требование<span style=\"letter-spacing: -.95pt;\"> </span>&ldquo;Пользовательский<span style=\"letter-spacing: -.9pt;\"> </span>GUI<span style=\"letter-spacing: -.9pt;\"> </span>должен<span style=\"letter-spacing: -.9pt;\"> </span>предоставлять<span style=\"letter-spacing: -.9pt;\"> </span>возможность языковой локализации: выбор языка (русский/английский) для надписей на элементах&rdquo; &ndash; это:</span></h1>", "serial_number": 1, "picture": ""}}, {"model": "app_bot.question", "pk": 2, "fields": {"test": 1, "video": null, "description": "<h1 style=\"mso-list: l0 level1 lfo1; tab-stops: 23.65pt;\"><span style=\"font-size: 12.0pt; font-family: 'Times New Roman',serif;\">Аналог<span style=\"letter-spacing: -.3pt;\"> </span>BPMN-диаграммы<span style=\"letter-spacing: -.25pt;\"> </span>в<span style=\"letter-spacing: -.25pt;\"> </span>нотации<span style=\"letter-spacing: -.25pt;\"> </span>UML<span style=\"letter-spacing: -.25pt;\"> </span>&ndash;<span style=\"letter-spacing: -.25pt;\"> </span><span style=\"letter-spacing: -.2pt;\">это:</span></span></h1>", "serial_number": 2, "picture": ""}}, {"model": "app_bot.question", "pk": 3, "fields": {"test": 1, "video": null, "description": "<p><span style=\"font-size: 12.0pt; font-family: 'Times New Roman',serif; mso-fareast-font-family: Carlito; mso-ansi-language: RU; mso-fareast-language: EN-US; mso-bidi-language: AR-SA;\">Отметьте<span style=\"letter-spacing: -.55pt;\"> </span>все<span style=\"letter-spacing: -.4pt;\"> </span>ошибки<span style=\"letter-spacing: -.4pt;\"> </span>на<span style=\"letter-spacing: -.45pt;\"> </span>этой<span style=\"letter-spacing: -.4pt;\"> </span>диаграмме<span style=\"letter-spacing: -.4pt;\"> </span><span style=\"letter-spacing: -.1pt;\">IDEF0:</span></span></p>", "serial_number": 3, "picture": "questions/картинка_для_теста.jpg"}}, {"model": "app_bot.question", "pk": 4, "fields": {"test": 2, "video": null, "description": "<h1 style=\"mso-list: l0 level1 lfo1; tab-stops: 23.65pt;\"><span style=\"font-size: 12.0pt; font-family: 'Times New Roman',serif;\">Можно<span style=\"letter-spacing: -.45pt;\"> </span>ли<span style=\"letter-spacing: -.45pt;\"> </span>с<span style=\"letter-spacing: -.45pt;\"> </span>помощью<span style=\"letter-spacing: -.45pt;\"> </span>UML<span style=\"letter-spacing: -.45pt;\"> </span>определять<span style=\"letter-spacing: -.45pt;\"> </span>схему<span style=\"letter-spacing: -.45pt;\"> </span>базы<span style=\"letter-spacing: -.45pt;\"> </span>данных<span style=\"letter-spacing: -.45pt;\"> </span>на<span style=\"letter-spacing: -.45pt;\"> </span>этапе концептуального проектирования?</span></h1>", "serial_number": 1, "picture": ""}}, {"model": "app_bot.question", "pk": 5, "fields": {"test": null, "video": 7, "description": "<p>Что в начале видео</p>", "serial_number": 1, "picture": ""}}, {"model": "app_bot.question", "pk": 8, "fields": {"test": 3, "video": null, "description": "<h1 style=\"mso-list: l0 level1 lfo1; tab-stops: 23.65pt;\"><!-- [if !supportLists]--><span style=\"font-size: 12.0pt; font-family: 'Times New Roman',serif;\">Можно<span style=\"letter-spacing: -.45pt;\"> </span>ли<span style=\"letter-spacing: -.45pt;\"> </span>с<span style=\"letter-spacing: -.45pt;\"> </span>помощью<span style=\"letter-spacing: -.45pt;\"> </span>UML<span style=\"letter-spacing: -.45pt;\"> </span>определять<span style=\"letter-spacing: -.45pt;\"> </span>схему<span style=\"letter-spacing: -.45pt;\"> </span>базы<span style=\"letter-spacing: -.45pt;\"> </span>данных<span style=\"letter-spacing: -.45pt;\"> </span>на<span style=\"letter-spacing: -.45pt;\"> </span>этапе концептуального проектирования?</span></h1>", "serial_number": 1, "picture": ""}}, {"model": "app_bot.question", "pk": 9, "fields": {"test": 3, "video": null, "description": "<h1 style=\"mso-list: l0 level1 lfo1; tab-stops: 23.65pt;\"><span style=\"font-size: 12.0pt; font-family: 'Times New Roman',serif;\">Отметьте<span style=\"letter-spacing: -.55pt;\"> </span>все<span style=\"letter-spacing: -.45pt;\"> </span>ошибки<span style=\"letter-spacing: -.45pt;\"> </span>в<span style=\"letter-spacing: -.45pt;\"> </span>этой<span style=\"letter-spacing: -.45pt;\"> </span>UML-диаграмме<span style=\"letter-spacing: -.45pt;\"> </span>вариантов<span style=\"letter-spacing: -.45pt;\"> </span><span style=\"letter-spacing: -.1pt;\">использования:</span></span></h1>", "serial_number": 2, "picture": "questions/тест_уровня.jpg"}}, {"model": "app_bot.question", "pk": 10, "fields": {"test": 3, "video": null, "description": "<h1 style=\"mso-list: l0 level1 lfo1; tab-stops: 23.65pt;\"><span style=\"font-size: 12.0pt; mso-bidi-font-size: 16.0pt; font-family: 'Times New Roman',serif; mso-fareast-font-family: 'Times New Roman'; letter-spacing: -.05pt;\"><span style=\"mso-list: Ignore;\"><span style=\"font: 7.0pt 'Times New Roman';\">&nbsp;</span></span></span><!--[endif]--><span style=\"font-size: 12.0pt; font-family: 'Times New Roman',serif;\">Для<span style=\"letter-spacing: -.45pt;\"> </span>описания<span style=\"letter-spacing: -.45pt;\"> </span>логики<span style=\"letter-spacing: -.45pt;\"> </span>выполнения<span style=\"letter-spacing: -.45pt;\"> </span>бизнес-процесса<span style=\"letter-spacing: -.45pt;\"> </span>в<span style=\"letter-spacing: -.45pt;\"> </span>UML<span style=\"letter-spacing: -.45pt;\"> </span>лучше<span style=\"letter-spacing: -.45pt;\"> </span>всего <span style=\"letter-spacing: -.1pt;\">подойдет:</span></span></h1>", "serial_number": 3, "picture": ""}}, {"model": "app_bot.question", "pk": 11, "fields": {"test": null, "video": 1, "description": "<p>Что вы ели на завтрак</p>", "serial_number": 1, "picture": ""}}, {"model": "app_bot.question", "pk": 12, "fields": {"test": null, "video": 6, "description": "<p>Какого цвета рубашка у Карлсона</p>", "serial_number": 1, "picture": ""}}, {"model": "app_bot.question", "pk": 13, "fields": {"test": null, "video": 8, "description": "<p>Как называется видео</p>", "serial_number": 1, "picture": ""}}, {"model": "app_bot.question", "pk": 14, "fields": {"test": null, "video": 2, "description": "<p>Какого цвета глаза у парня</p>", "serial_number": 1, "picture": ""}}, {"model": "app_bot.question", "pk": 15, "fields": {"test": null, "video": 10, "description": "<p>Как называется видео</p>", "serial_number": 1, "picture": ""}}, {"model": "app_bot.question", "pk": 16, "fields": {"test": null, "video": 11, "description": "<p>Что за вопрос</p>", "serial_number": 1, "picture": ""}}, {"model": "app_bot.question", "pk": 17, "fields": {"test": null, "video": 4, "description": "<p>Продолжи Крошка - ??????</p>", "serial_number": 1, "picture": ""}}, {"model": "app_bot.answer", "pk": 1, "fields": {"question": 1, "description": "<p><span style=\"font-size: 11.0pt; font-family: 'Times New Roman',serif; mso-fareast-font-family: Carlito; mso-ansi-language: RU; mso-fareast-language: EN-US; mso-bidi-language: AR-SA;\">Нефункциональное<span style=\"letter-spacing: -.5pt;\"> </span>требование<span style=\"letter-spacing: -.5pt;\"> </span>(non-functional<span style=\"letter-spacing: -.5pt;\"> </span>requirement)</span></p>", "serial_number": 3, "right": true}}, {"model": "app_bot.answer", "pk": 2, "fields": {"question": 1, "description": "<p><span style=\"font-size: 11.0pt; font-family: 'Times New Roman',serif; mso-fareast-font-family: Carlito; mso-ansi-language: RU; mso-fareast-language: EN-US; mso-bidi-language: AR-SA;\">Функциональное требование (functional requirement)</span></p>", "serial_number": 2, "right": false}}, {"model": "app_bot.answer", "pk": 3, "fields": {"question": 1, "description": "<p><span style=\"font-size: 11.0pt; font-family: 'Times New Roman',serif; mso-fareast-font-family: Carlito; mso-ansi-language: RU; mso-fareast-language: EN-US; mso-bidi-language: AR-SA;\">Бизнес-требование<span style=\"letter-spacing: -.25pt;\"> </span>(</span><span lang=\"EN-US\" style=\"font-size: 11.0pt; font-family: 'Times New Roman',serif; mso-fareast-font-family: Carlito; mso-ansi-language: EN-US; mso-fareast-language: EN-US; mso-bidi-language: AR-SA;\">business</span><span lang=\"EN-US\" style=\"font-size: 11.0pt; font-family: 'Times New Roman',serif; mso-fareast-font-family: Carlito; letter-spacing: -.25pt; mso-ansi-language: RU; mso-fareast-language: EN-US; mso-bidi-language: AR-SA;\"> </span><span lang=\"EN-US\" style=\"font-size: 11.0pt; font-family: 'Times New Roman',serif; mso-fareast-font-family: Carlito; letter-spacing: -.1pt; mso-ansi-language: EN-US; mso-fareast-language: EN-US; mso-bidi-language: AR-SA;\">requirement</span><span style=\"font-size: 11.0pt; font-family: 'Times New Roman',serif; mso-fareast-font-family: Carlito; letter-spacing: -.1pt; mso-ansi-language: RU; mso-fareast-language: EN-US; mso-bidi-language: AR-SA;\">)</span></p>", "serial_number": 1, "right": false}}, {"model": "app_bot.answer", "pk": 4, "fields": {"question": 1, "description": "<p class=\"MsoBodyText\" style=\"line-height: 97%; tab-stops: 29.65pt; margin: 0cm 212.55pt .0001pt 8.0pt;\"><span style=\"font-family: 'Times New Roman',serif;\">Требование<span style=\"letter-spacing: -.7pt;\"> </span>стейкхолдера<span style=\"letter-spacing: -.7pt;\"> </span>(</span><span lang=\"EN-US\" style=\"font-family: 'Times New Roman',serif; mso-ansi-language: EN-US;\">stakeholder</span><span lang=\"EN-US\" style=\"font-family: 'Times New Roman',serif; letter-spacing: -.65pt;\"> </span><span lang=\"EN-US\" style=\"font-family: 'Times New Roman',serif; mso-ansi-language: EN-US;\">requirement</span><span style=\"font-family: 'Times New Roman',serif;\">) </span></p>", "serial_number": 4, "right": false}}, {"model": "app_bot.answer", "pk": 5, "fields": {"question": 2, "description": "<p><span style=\"font-size: 11.0pt; font-family: 'Times New Roman',serif; mso-fareast-font-family: Carlito; mso-ansi-language: RU; mso-fareast-language: EN-US; mso-bidi-language: AR-SA;\">Диаграмма<span style=\"letter-spacing: -.15pt;\"> </span>классов<span style=\"letter-spacing: -.2pt;\"> </span>(Class<span style=\"letter-spacing: -.15pt;\"> </span><span style=\"letter-spacing: -.1pt;\">diagram)</span></span></p>", "serial_number": 1, "right": false}}, {"model": "app_bot.answer", "pk": 6, "fields": {"question": 2, "description": "<p><span style=\"font-size: 11.0pt; font-family: 'Times New Roman',serif; mso-fareast-font-family: Carlito; mso-ansi-language: RU; mso-fareast-language: EN-US; mso-bidi-language: AR-SA;\">Диаграмма<span style=\"letter-spacing: -.25pt;\"> </span>состояний<span style=\"letter-spacing: -.25pt;\"> </span>(State<span style=\"letter-spacing: -.25pt;\"> </span><span style=\"letter-spacing: -.1pt;\">diagram)</span></span></p>", "serial_number": 2, "right": false}}, {"model": "app_bot.answer", "pk": 7, "fields": {"question": 2, "description": "<p><span style=\"font-size: 11.0pt; font-family: 'Times New Roman',serif; mso-fareast-font-family: Carlito; mso-ansi-language: RU; mso-fareast-language: EN-US; mso-bidi-language: AR-SA;\">Диаграмма<span style=\"letter-spacing: -.3pt;\"> </span>деятельности<span style=\"letter-spacing: -.3pt;\"> </span>(activity<span style=\"letter-spacing: -.25pt;\"> </span><span style=\"letter-spacing: -.1pt;\">diagram)</span></span></p>", "serial_number": 3, "right": true}}, {"model": "app_bot.answer", "pk": 8, "fields": {"question": 3, "description": "<p><span style=\"font-size: 11.0pt; font-family: 'Times New Roman',serif; mso-fareast-font-family: Carlito; mso-ansi-language: RU; mso-fareast-language: EN-US; mso-bidi-language: AR-SA;\">Неправильное<span style=\"letter-spacing: -.4pt;\"> </span>направление<span style=\"letter-spacing: -.4pt;\"> </span>стрелки<span style=\"letter-spacing: -.4pt;\"> </span>управления<span style=\"letter-spacing: -.4pt;\"> </span>у<span style=\"letter-spacing: -.4pt;\"> </span>функционального<span style=\"letter-spacing: -.4pt;\"> </span>блока<span style=\"letter-spacing: -.4pt;\"> </span>А3 </span></p>", "serial_number": 1, "right": false}}, {"model": "app_bot.answer", "pk": 9, "fields": {"question": 3, "description": "<p><span style=\"font-size: 11.0pt; font-family: 'Times New Roman',serif; mso-fareast-font-family: Carlito; mso-ansi-language: RU; mso-fareast-language: EN-US; mso-bidi-language: AR-SA;\">Некорректное<span style=\"letter-spacing: -.35pt;\"> </span>название<span style=\"letter-spacing: -.3pt;\"> </span>функционального<span style=\"letter-spacing: -.35pt;\"> </span>блока<span style=\"letter-spacing: -.3pt;\"> </span><span style=\"letter-spacing: -.25pt;\">А2</span></span></p>", "serial_number": 2, "right": true}}, {"model": "app_bot.answer", "pk": 10, "fields": {"question": 4, "description": "<p><span style=\"font-size: 11.0pt; font-family: 'Times New Roman',serif; mso-fareast-font-family: Carlito; mso-ansi-language: RU; mso-fareast-language: EN-US; mso-bidi-language: AR-SA;\">Да, с помощью UML-диаграммы классов</span></p>", "serial_number": 1, "right": true}}, {"model": "app_bot.answer", "pk": 11, "fields": {"question": 5, "description": "<p>ничего</p>", "serial_number": 1, "right": false}}, {"model": "app_bot.answer", "pk": 12, "fields": {"question": 5, "description": "<p>фигня</p>", "serial_number": 2, "right": false}}, {"model": "app_bot.answer", "pk": 13, "fields": {"question": 5, "description": "<p>правильный ответ</p>", "serial_number": 3, "right": true}}, {"model": "app_bot.answer", "pk": 17, "fields": {"question": 8, "description": "<p><span style=\"font-size: 11.0pt; font-family: 'Times New Roman',serif; mso-fareast-font-family: Carlito; mso-ansi-language: RU; mso-fareast-language: EN-US; mso-bidi-language: AR-SA;\">Нет,<span style=\"letter-spacing: -.45pt;\"> </span>для<span style=\"letter-spacing: -.45pt;\"> </span>этого<span style=\"letter-spacing: -.45pt;\"> </span>существуют<span style=\"letter-spacing: -.45pt;\"> </span>ERD-диаграммы<span style=\"letter-spacing: -.45pt;\"> </span>(Entity<span style=\"letter-spacing: -.45pt;\"> </span>Relationship<span style=\"letter-spacing: -.45pt;\"> </span>Diagram) </span></p>", "serial_number": 1, "right": false}}, {"model": "app_bot.answer", "pk": 18, "fields": {"question": 8, "description": "<p class=\"MsoBodyText\" style=\"line-height: 97%; tab-stops: 29.65pt; margin: 0cm 112.95pt .0001pt 7.95pt;\"><span style=\"font-family: 'Times New Roman',serif;\">Да, с помощью UML-диаграммы классов</span></p>", "serial_number": 2, "right": true}}, {"model": "app_bot.answer", "pk": 19, "fields": {"question": 8, "description": "<p class=\"MsoBodyText\" style=\"line-height: 97%; tab-stops: 29.65pt; margin: 0cm 66.0pt .0001pt 7.95pt;\"><span style=\"font-family: 'Times New Roman',serif;\">Нет,<span style=\"letter-spacing: -.35pt;\"> </span>ни<span style=\"letter-spacing: -.35pt;\"> </span>одна<span style=\"letter-spacing: -.35pt;\"> </span>из<span style=\"letter-spacing: -.35pt;\"> </span>UML<span style=\"letter-spacing: -.35pt;\"> </span>диаграмм<span style=\"letter-spacing: -.35pt;\"> </span>не<span style=\"letter-spacing: -.35pt;\"> </span>позволяет<span style=\"letter-spacing: -.35pt;\"> </span>моделировать<span style=\"letter-spacing: -.35pt;\"> </span>структуру<span style=\"letter-spacing: -.35pt;\"> </span>таблиц<span style=\"letter-spacing: -.35pt;\"> </span>БД </span></p>", "serial_number": 3, "right": false}}, {"model": "app_bot.answer", "pk": 20, "fields": {"question": 8, "description": "<p><span style=\"font-size: 11.0pt; font-family: 'Times New Roman',serif; mso-fareast-font-family: Carlito; mso-ansi-language: RU; mso-fareast-language: EN-US; mso-bidi-language: AR-SA;\">Да, используя UML-диаграмму пакетов</span></p>", "serial_number": 4, "right": false}}, {"model": "app_bot.answer", "pk": 21, "fields": {"question": 9, "description": "<p><span style=\"font-size: 11.0pt; font-family: 'Times New Roman',serif; mso-fareast-font-family: Carlito; mso-ansi-language: RU; mso-fareast-language: EN-US; mso-bidi-language: AR-SA;\">С<span style=\"letter-spacing: -.3pt;\"> </span>прецедентом<span style=\"letter-spacing: -.3pt;\"> </span>&laquo;Оплата<span style=\"letter-spacing: -.3pt;\"> </span>блюда&raquo;<span style=\"letter-spacing: -.3pt;\"> </span>связано<span style=\"letter-spacing: -.3pt;\"> </span>2<span style=\"letter-spacing: -.25pt;\"> </span><span style=\"letter-spacing: -.1pt;\">актора</span></span></p>", "serial_number": 1, "right": false}}, {"model": "app_bot.answer", "pk": 22, "fields": {"question": 9, "description": "<p><span style=\"font-size: 11.0pt; font-family: 'Times New Roman',serif; mso-fareast-font-family: Carlito; mso-ansi-language: RU; mso-fareast-language: EN-US; mso-bidi-language: AR-SA;\">Актор<span style=\"letter-spacing: -.15pt;\"> </span>&laquo;Поставщик&raquo;<span style=\"letter-spacing: -.2pt;\"> </span>не<span style=\"letter-spacing: -.15pt;\"> </span>соединен<span style=\"letter-spacing: -.15pt;\"> </span>ни<span style=\"letter-spacing: -.15pt;\"> </span>с<span style=\"letter-spacing: -.15pt;\"> </span>каким<span style=\"letter-spacing: -.15pt;\"> </span><span style=\"letter-spacing: -.1pt;\">прецедентом</span></span></p>", "serial_number": 2, "right": true}}, {"model": "app_bot.answer", "pk": 23, "fields": {"question": 9, "description": "<p><span style=\"font-size: 11.0pt; font-family: 'Times New Roman',serif; mso-fareast-font-family: Carlito; mso-ansi-language: RU; mso-fareast-language: EN-US; mso-bidi-language: AR-SA;\">Отсутствует<span style=\"letter-spacing: -.4pt;\"> </span>подпись<span style=\"letter-spacing: -.4pt;\"> </span>на<span style=\"letter-spacing: -.4pt;\"> </span>связи<span style=\"letter-spacing: -.4pt;\"> </span>между<span style=\"letter-spacing: -.4pt;\"> </span>актором<span style=\"letter-spacing: -.4pt;\"> </span>&laquo;Повар&raquo;<span style=\"letter-spacing: -.4pt;\"> </span>и<span style=\"letter-spacing: -.4pt;\"> </span>прецедентом<span style=\"letter-spacing: -.4pt;\"> </span>&laquo;Готовка<span style=\"letter-spacing: -.4pt;\"> </span>блюда&raquo; </span></p>", "serial_number": 3, "right": false}}, {"model": "app_bot.answer", "pk": 24, "fields": {"question": 9, "description": "<p><span style=\"font-size: 11.0pt; font-family: 'Times New Roman',serif; mso-fareast-font-family: Carlito; mso-ansi-language: RU; mso-fareast-language: EN-US; mso-bidi-language: AR-SA;\">Неконсистентность связей между прецедентами с вином и едой</span></p>", "serial_number": 4, "right": true}}, {"model": "app_bot.answer", "pk": 25, "fields": {"question": 9, "description": "<p><span style=\"font-size: 11.0pt; font-family: 'Times New Roman',serif; mso-fareast-font-family: Carlito; mso-ansi-language: RU; mso-fareast-language: EN-US; mso-bidi-language: AR-SA;\">Не<span style=\"letter-spacing: -.05pt;\"> </span><span style=\"letter-spacing: -.2pt;\">знаю</span></span></p>", "serial_number": 5, "right": false}}, {"model": "app_bot.answer", "pk": 26, "fields": {"question": 10, "description": "<p><span style=\"font-size: 11.0pt; font-family: 'Times New Roman',serif; mso-fareast-font-family: Carlito; mso-ansi-language: RU; mso-fareast-language: EN-US; mso-bidi-language: AR-SA;\">Диаграмма деятельности </span></p>", "serial_number": 1, "right": true}}, {"model": "app_bot.answer", "pk": 27, "fields": {"question": 10, "description": "<p><span style=\"font-size: 11.0pt; font-family: 'Times New Roman',serif; mso-fareast-font-family: Carlito; mso-ansi-language: RU; mso-fareast-language: EN-US; mso-bidi-language: AR-SA;\">Диаграмма состояний</span></p>", "serial_number": 2, "right": false}}, {"model": "app_bot.answer", "pk": 28, "fields": {"question": 10, "description": "<p><span style=\"font-size: 11.0pt; font-family: 'Times New Roman',serif; mso-fareast-font-family: Carlito; mso-ansi-language: RU; mso-fareast-language: EN-US; mso-bidi-language: AR-SA;\">Диаграмма<span style=\"letter-spacing: -.5pt;\"> </span>вариантов<span style=\"letter-spacing: -.5pt;\"> </span>использования </span></p>", "serial_number": 3, "right": false}}, {"model": "app_bot.answer", "pk": 29, "fields": {"question": 11, "description": "<p>Омлет</p>", "serial_number": 1, "right": false}}, {"model": "app_bot.answer", "pk": 30, "fields": {"question": 11, "description": "<p>ничего</p>", "serial_number": 2, "right": false}}, {"model": "app_bot.answer", "pk": 31, "fields": {"question": 11, "description": "<p>Правильно Офигенский АНАНАС</p>", "serial_number": 3, "right": true}}, {"model": "app_bot.answer", "pk": 32, "fields": {"question": 12, "description": "<p>Правильный Зеленого</p>", "serial_number": 2, "right": true}}, {"model": "app_bot.answer", "pk": 33, "fields": {"question": 12, "description": "<p>Красного</p>", "serial_number": 1, "right": false}}, {"model": "app_bot.answer", "pk": 34, "fields": {"question": 12, "description": "<p>Прозрачный</p>", "serial_number": 3, "right": false}}, {"model": "app_bot.answer", "pk": 35, "fields": {"question": 13, "description": "<p>Что то на китайском</p>", "serial_number": 1, "right": false}}, {"model": "app_bot.answer", "pk": 36, "fields": {"question": 13, "description": "<p>Это нечестный вопрос я не запоминал</p>", "serial_number": 2, "right": false}}, {"model": "app_bot.answer", "pk": 37, "fields": {"question": 13, "description": "<p>Правильно Никак не называется</p>", "serial_number": 3, "right": true}}, {"model": "app_bot.answer", "pk": 38, "fields": {"question": 14, "description": "<p>нет глаз</p>", "serial_number": 1, "right": false}}, {"model": "app_bot.answer", "pk": 39, "fields": {"question": 14, "description": "<p>синие</p>", "serial_number": 2, "right": false}}, {"model": "app_bot.answer", "pk": 40, "fields": {"question": 14, "description": "<p>правильные</p>", "serial_number": 3, "right": true}}, {"model": "app_bot.answer", "pk": 41, "fields": {"question": 15, "description": "<p>Кукутики</p>", "serial_number": 1, "right": true}}, {"model": "app_bot.answer", "pk": 42, "fields": {"question": 15, "description": "<p>Херутики</p>", "serial_number": 2, "right": false}}, {"model": "app_bot.answer", "pk": 43, "fields": {"question": 15, "description": "<p>жопастики</p>", "serial_number": 3, "right": false}}, {"model": "app_bot.answer", "pk": 44, "fields": {"question": 16, "description": "<p>Единственный правильный</p>", "serial_number": 1, "right": true}}, {"model": "app_bot.answer", "pk": 45, "fields": {"question": 17, "description": "<p>картошка</p>", "serial_number": 1, "right": false}}, {"model": "app_bot.answer", "pk": 46, "fields": {"question": 17, "description": "<p>Антошка (правильный)</p>", "serial_number": 2, "right": true}}, {"model": "app_bot.answer", "pk": 47, "fields": {"question": 17, "description": "<p>дурашка</p>", "serial_number": 3, "right": false}}, {"model": "app_bot.answer", "pk": 48, "fields": {"question": 16, "description": "<p>неправильный ответ</p>", "serial_number": 2, "right": false}}, {"model": "app_bot.practice", "pk": 1, "fields": {"lesson": 3, "title": "практика SQL (М1 У3)", "description": "<p>Тут будет описание практики</p>", "exercise": "exercises/for_test.pdf", "next_topics": [3], "next_lessons": [6], "next_videos": [6], "next_tests": [], "next_practices": []}}, {"model": "app_bot.useravailability", "pk": 15, "fields": {"topics": [1, 3, 4], "lessons": [1, 6, 2, 3], "videos": [2, 1, 6, 7, 4, 8, 3, 5], "tests": [1], "practices": [1]}}, {"model": "app_bot.useravailability", "pk": 16, "fields": {"topics": [1], "lessons": [1, 2], "videos": [4, 7, 1, 8, 5], "tests": [1], "practices": []}}, {"model": "app_bot.useravailability", "pk": 20, "fields": {"topics": [1, 3, 4], "lessons": [1, 6, 8, 2, 3], "videos": [4, 6, 7, 2, 1, 8, 10, 11], "tests": [1, 2], "practices": [1]}}, {"model": "app_bot.useravailability", "pk": 21, "fields": {"topics": [1], "lessons": [1, 2, 3], "videos": [1, 7, 2, 8, 3, 5, 9], "tests": [1, 2], "practices": [1]}}, {"model": "app_bot.startuseravailability", "pk": 1, "fields": {"topics": [1], "lessons": [1], "videos": [7], "tests": [], "practices": []}}, {"model": "app_bot.startuseravailability", "pk": 2, "fields": {"topics": [1], "lessons": [1, 2, 3], "videos": [7, 8], "tests": [], "practices": []}}, {"model": "app_bot.startuseravailability", "pk": 3, "fields": {"topics": [1], "lessons": [1, 2, 3], "videos": [1, 7, 2, 8, 3, 5, 9], "tests": [1, 2], "practices": [1]}}, {"model": "app_bot.userdone", "pk": 20, "fields": {"last_updated": "2025-07-13T13:22:57.527Z", "topics": [1, 3], "lessons": [1, 6, 2, 3], "videos": [1, 2, 7, 6, 10, 8, 11], "tests": [1, 2], "practices": [1]}}]